year,make,model,EngineSize,Cylinders,CombFuelEconomy,CO2Emmisions,CO2Rating
2016,ACURA,ILX,2.4,4,8.1,189,7
2016,ACURA,MDX SH-AWD,3.5,6,11.1,254,5
2016,ACURA,MDX SH-AWD ELITE,3.5,6,10.7,251,5
2016,ACURA,RDX AWD,3.5,6,10.7,249,5
2016,ACURA,RLX,3.5,6,10,235,5
2016,ACURA,RLX HYBRID,3.5,6,7.7,180,7
2016,ACURA,TLX,2.4,4,8.3,196,7
2016,ACURA,TLX SH-AWD,3.5,6,9.6,226,5
2016,ALFA ROMEO,4C,1.8,4,8.4,197,7
2016,ASTON MARTIN,DB9 GT,5.9,12,15.6,365,2
2016,ASTON MARTIN,RAPIDE S,6,12,14.2,332,3
2016,ASTON MARTIN,VANQUISH,6,12,14.8,346,3
2016,ASTON MARTIN,V8 VANTAGE,4.7,8,14.7,343,3
2016,ASTON MARTIN,V8 VANTAGE,4.7,8,15.5,362,2
2016,ASTON MARTIN,VANTAGE GT,4.7,8,14.7,343,3
2016,ASTON MARTIN,VANTAGE GT,4.7,8,15.5,362,2
2016,ASTON MARTIN,V8 VANTAGE S,4.7,8,14.7,343,3
2016,ASTON MARTIN,V8 VANTAGE S,4.7,8,15.5,362,2
2016,ASTON MARTIN,V12 VANTAGE S,6,12,16.5,390,2
2016,AUDI,A3,1.8,4,8.7,204,6
2016,AUDI,A3 CABRIOLET QUATTRO,2,4,8.9,208,6
2016,AUDI,A3 QUATTRO,2,4,8.6,201,7
2016,AUDI,A4,2,4,8.9,212,6
2016,AUDI,A4 ALLROAD QUATTRO,2,4,9.9,232,5
2016,AUDI,A4 QUATTRO,2,4,9.6,224,6
2016,AUDI,A4 QUATTRO,2,4,9.1,214,6
2016,AUDI,A5 CABRIOLET QUATTRO,2,4,9.8,230,5
2016,AUDI,A5 QUATTRO,2,4,9.6,224,6
2016,AUDI,A5 QUATTRO,2,4,9.1,214,6
2016,AUDI,A6 QUATTRO,2,4,9.2,211,6
2016,AUDI,A6 QUATTRO,3,6,9.9,232,5
2016,AUDI,A7 QUATTRO,3,6,9.9,232,5
2016,AUDI,A8 QUATTRO,3,6,10.5,247,5
2016,AUDI,A8 QUATTRO,4,8,10.7,249,5
2016,AUDI,A8L QUATTRO,4,8,10.9,255,5
2016,AUDI,A8L QUATTRO,6.3,12,14.2,332,3
2016,AUDI,Q3,2,4,10.3,242,5
2016,AUDI,Q3 QUATTRO,2,4,10.3,240,5
2016,AUDI,Q5 HYBRID QUATTRO,2,4,8.9,209,6
2016,AUDI,Q5 QUATTRO,2,4,10.4,244,5
2016,AUDI,Q5 QUATTRO,3,6,11.4,267,5
2016,AUDI,RS7 QUATTRO,4,8,13.1,309,4
2016,AUDI,S3 QUATTRO,2,4,9,211,6
2016,AUDI,S4 QUATTRO,3,6,11,257,5
2016,AUDI,S4 QUATTRO,3,6,11.7,273,4
2016,AUDI,S5 QUATTRO,3,6,11,257,5
2016,AUDI,S5 QUATTRO,3,6,11.7,273,4
2016,AUDI,S5 CABRIOLET QUATTRO,3,6,11.4,266,5
2016,AUDI,S6 QUATTRO,4,8,11.3,263,5
2016,AUDI,S7 QUATTRO,4,8,11.4,265,5
2016,AUDI,S8 QUATTRO,4,8,13.4,311,4
2016,AUDI,SQ5 QUATTRO,3,6,12.2,285,4
2016,AUDI,TT COUPE QUATTRO,2,4,9.1,209,6
2016,AUDI,TT ROADSTER QUATTRO,2,4,9.1,209,6
2016,AUDI,TTS COUPE QUATTRO,2,4,9.5,222,6
2016,BENTLEY,CONTINENTAL GT,6,12,15.4,360,2
2016,BENTLEY,CONTINENTAL GT CONVERTIBLE,4,8,13.8,322,3
2016,BENTLEY,CONTINENTAL GT CONVERTIBLE,6,12,16,375,2
2016,BENTLEY,FLYING SPUR,4,8,13.8,322,3
2016,BENTLEY,FLYING SPUR,6,12,16,375,2
2016,BENTLEY,MULSANNE,6.8,8,17.5,408,2
2016,BMW,228i,2,4,8.4,197,7
2016,BMW,228i,2,4,9,211,6
2016,BMW,228i xDRIVE,2,4,8.8,207,6
2016,BMW,228i xDRIVE CABRIOLET,2,4,8.9,209,6
2016,BMW,320i,2,4,8.4,197,7
2016,BMW,320i,2,4,9,211,6
2016,BMW,320i xDRIVE,2,4,8.8,207,6
2016,BMW,328d xDRIVE,2,4,6.8,183,7
2016,BMW,328d xDRIVE TOURING,2,4,6.8,183,7
2016,BMW,328i xDRIVE,2,4,8.9,209,6
2016,BMW,328i xDRIVE GRAN TURISMO,2,4,8.9,209,6
2016,BMW,328i xDRIVE TOURING,2,4,8.9,209,6
2016,BMW,335i xDRIVE GRAN TURISMO,3,6,10.2,238,5
2016,BMW,340i,3,6,9.3,217,6
2016,BMW,340i,3,6,9.9,231,5
2016,BMW,340i xDRIVE,3,6,9.3,216,6
2016,BMW,340i xDRIVE,3,6,10.3,241,5
2016,BMW,428i CABRIOLET,2,4,8.9,211,6
2016,BMW,428i COUPE,2,4,8.4,197,7
2016,BMW,428i COUPE,2,4,9,211,6
2016,BMW,428i GRAN COUPE,2,4,8.9,211,6
2016,BMW,428i GRAN COUPE,2,4,9,210,6
2016,BMW,428i xDRIVE CABRIOLET,2,4,9.4,221,6
2016,BMW,428i xDRIVE COUPE,2,4,8.9,209,6
2016,BMW,428i xDRIVE GRAN COUPE,2,4,8.9,209,6
2016,BMW,435i CABRIOLET,3,6,9.9,232,5
2016,BMW,435i COUPE,3,6,9.9,232,5
2016,BMW,435i COUPE,3,6,10.5,246,5
2016,BMW,435i xDRIVE CABRIOLET,3,6,10.2,238,5
2016,BMW,435i xDRIVE COUPE,3,6,10.2,238,5
2016,BMW,435i xDRIVE COUPE,3,6,10.5,247,5
2016,BMW,435i xDRIVE GRAN COUPE,3,6,10.2,238,5
2016,BMW,528i xDRIVE,2,4,8.9,209,6
2016,BMW,535d xDRIVE,3,6,7.9,212,6
2016,BMW,535i xDRIVE,3,6,10.2,238,5
2016,BMW,535i xDRIVE GRAN TURISMO,3,6,11.2,263,5
2016,BMW,550i xDRIVE,4.4,8,12.3,288,4
2016,BMW,550i xDRIVE GRAN TURISMO,4.4,8,12.1,283,4
2016,BMW,640i xDRIVE CABRIOLET,3,6,10.2,238,5
2016,BMW,640i xDRIVE GRAN COUPE,3,6,10.2,238,5
2016,BMW,650i xDRIVE CABRIOLET,4.4,8,12.1,283,4
2016,BMW,650i xDRIVE COUPE,4.4,8,12.3,288,4
2016,BMW,650i xDRIVE GRAN COUPE,4.4,8,12.1,283,4
2016,BMW,750i xDRIVE,4.4,8,12.1,283,4
2016,BMW,750Li xDRIVE,4.4,8,12.1,283,4
2016,BMW,ACTIVEHYBRID 5,3,6,9.4,219,6
2016,BMW,ALPINA B6 xDRIVE GRAN COUPE,4.4,8,12.1,283,4
2016,BMW,M2,3,6,10.4,244,5
2016,BMW,M2,3,6,11.1,260,5
2016,BMW,M235i,3,6,9.9,232,5
2016,BMW,M235i,3,6,10.4,245,5
2016,BMW,M235i CABRIOLET,3,6,9.9,232,5
2016,BMW,M235i CABRIOLET,3,6,10.5,246,5
2016,BMW,M235i xDRIVE,3,6,10.2,238,5
2016,BMW,M235i xDRIVE CABRIOLET,3,6,10.2,238,5
2016,BMW,M3,3,6,12.1,284,4
2016,BMW,M3,3,6,11.6,271,4
2016,BMW,M4 CABRIOLET,3,6,12.1,282,4
2016,BMW,M4 CABRIOLET,3,6,11.8,278,4
2016,BMW,M4 COUPE,3,6,12.1,284,4
2016,BMW,M4 COUPE,3,6,11.6,271,4
2016,BMW,M5,4.4,8,14.7,344,3
2016,BMW,M5,4.4,8,13.7,321,3
2016,BMW,M6,4.4,8,14.7,344,3
2016,BMW,M6,4.4,8,13.7,321,3
2016,BMW,M6 CABRIOLET,4.4,8,14.7,344,3
2016,BMW,M6 CABRIOLET,4.4,8,13.7,321,3
2016,BMW,M6 GRAN COUPE,4.4,8,14.7,344,3
2016,BMW,M6 GRAN COUPE,4.4,8,13.7,321,3
2016,BMW,X1 xDRIVE28i,2,4,9.2,215,6
2016,BMW,X3 xDRIVE28d,2,4,7.9,211,6
2016,BMW,X3 xDRIVE28i,2,4,9.9,231,5
2016,BMW,X3 xDRIVE35i,3,6,10.9,257,5
2016,BMW,X4 M40i,3,6,11.3,264,5
2016,BMW,X4 xDRIVE28i,2,4,10.2,238,5
2016,BMW,X4 xDRIVE35i,3,6,10.9,257,5
2016,BMW,X5 M,4.4,8,14.6,343,3
2016,BMW,X5 xDRIVE35d,3,6,8.9,233,5
2016,BMW,X5 xDRIVE35i,3,6,11.5,269,5
2016,BMW,X5 xDRIVE50i,4.4,8,13.8,322,3
2016,BMW,X6 M,4.4,8,14.6,343,3
2016,BMW,X6 xDRIVE35i,3,6,11.5,269,5
2016,BMW,X6 xDRIVE50i,4.4,8,13.8,322,3
2016,BMW,Z4 sDRIVE28i,2,4,9.1,212,6
2016,BMW,Z4 sDRIVE28i,2,4,9,211,6
2016,BMW,Z4 sDRIVE35i,3,6,12.1,282,4
2016,BMW,Z4 sDRIVE35is,3,6,12.1,282,4
2016,BUICK,ENCLAVE,3.6,6,13.4,315,4
2016,BUICK,ENCLAVE AWD,3.6,6,13.7,323,3
2016,BUICK,ENCORE,1.4,4,8.5,199,7
2016,BUICK,ENCORE AWD,1.4,4,9.2,215,6
2016,BUICK,ENCORE SPORT TOURING,1.4,4,7.8,182,7
2016,BUICK,ENCORE SPORT TOURING AWD,1.4,4,8.2,192,7
2016,BUICK,ENVISION AWD,2,4,10.6,248,5
2016,BUICK,LACROSSE FFV,3.6,6,11.4,268,5
2016,BUICK,LACROSSE FFV,3.6,6,15.8,260,5
2016,BUICK,LACROSSE eASSIST,2.4,4,8.2,193,7
2016,BUICK,LACROSSE AWD FFV,3.6,6,11.7,274,4
2016,BUICK,LACROSSE AWD FFV,3.6,6,15.8,263,5
2016,BUICK,REGAL,2,4,9.8,231,5
2016,BUICK,REGAL,2,4,9.8,230,5
2016,BUICK,REGAL eASSIST,2.4,4,8.2,193,7
2016,BUICK,REGAL AWD,2,4,10.7,252,5
2016,BUICK,VERANO,2,4,9.8,231,5
2016,BUICK,VERANO,2,4,9.8,230,5
2016,BUICK,VERANO,2.4,4,9.6,224,6
2016,CADILLAC,ATS,2,4,9.2,215,6
2016,CADILLAC,ATS,2,4,10.3,240,5
2016,CADILLAC,ATS,2.5,4,9.1,214,6
2016,CADILLAC,ATS,3.6,6,9.9,233,5
2016,CADILLAC,ATS AWD,2,4,9.4,221,6
2016,CADILLAC,ATS AWD,3.6,6,10.5,247,5
2016,CADILLAC,ATS-V,3.6,6,12.5,293,4
2016,CADILLAC,ATS-V,3.6,6,12.4,289,4
2016,CADILLAC,CT6,2,4,9.5,222,6
2016,CADILLAC,CT6 AWD,3,6,11.2,263,5
2016,CADILLAC,CT6 AWD,3.6,6,11,257,5
2016,CADILLAC,CTS,2,4,9.5,221,6
2016,CADILLAC,CTS,3.6,6,9.9,233,5
2016,CADILLAC,CTS AWD,2,4,9.8,229,5
2016,CADILLAC,CTS AWD,3.6,6,10.5,247,5
2016,CADILLAC,CTS Vsport,3.6,6,12.5,293,4
2016,CADILLAC,CTS-V,6.2,8,14.1,332,3
2016,CADILLAC,ESCALADE 4WD,6.2,8,13.9,325,3
2016,CADILLAC,SRX,3.6,6,12.3,287,4
2016,CADILLAC,SRX AWD,3.6,6,12.8,300,4
2016,CADILLAC,XTS,3.6,6,11.3,263,5
2016,CADILLAC,XTS AWD,3.6,6,11.6,273,4
2016,CADILLAC,XTS Vsport AWD,3.6,6,12.8,302,4
2016,CHEVROLET,CAMARO,2,4,9.3,218,6
2016,CHEVROLET,CAMARO,2,4,9.8,229,5
2016,CHEVROLET,CAMARO,3.6,6,10.6,248,5
2016,CHEVROLET,CAMARO,3.6,6,11.2,261,5
2016,CHEVROLET,CAMARO SS,6.2,8,11.6,272,4
2016,CHEVROLET,CAMARO SS,6.2,8,12.1,284,4
2016,CHEVROLET,CITY EXPRESS,2,4,9.4,220,6
2016,CHEVROLET,COLORADO,2.5,4,10.5,247,5
2016,CHEVROLET,COLORADO,2.5,4,10.8,253,5
2016,CHEVROLET,COLORADO,2.8,4,9.4,252,5
2016,CHEVROLET,COLORADO,3.6,6,11.3,265,5
2016,CHEVROLET,COLORADO 4WD,2.5,4,11.3,265,5
2016,CHEVROLET,COLORADO 4WD,2.8,4,10.3,277,4
2016,CHEVROLET,COLORADO 4WD,3.6,6,11.9,279,4
2016,CHEVROLET,CORVETTE,6.2,8,11.7,275,4
2016,CHEVROLET,CORVETTE,6.2,8,11.2,263,5
2016,CHEVROLET,CORVETTE Z06,6.2,8,14.3,335,3
2016,CHEVROLET,CORVETTE Z06,6.2,8,13.4,313,4
2016,CHEVROLET,CRUZE,1.4,4,6.8,159,8
2016,CHEVROLET,CRUZE,1.4,4,7.1,167,8
2016,CHEVROLET,CRUZE PREMIER,1.4,4,6.9,160,8
2016,CHEVROLET,CRUZE LIMITED,1.4,4,7.8,184,7
2016,CHEVROLET,CRUZE LIMITED,1.4,4,7.8,182,7
2016,CHEVROLET,CRUZE LIMITED,1.8,4,8.8,207,6
2016,CHEVROLET,CRUZE LIMITED,1.8,4,8.1,190,7
2016,CHEVROLET,CRUZE LIMITED ECO,1.4,4,7.7,181,7
2016,CHEVROLET,CRUZE LIMITED ECO,1.4,4,7.1,167,8
2016,CHEVROLET,EQUINOX,2.4,4,9.1,214,6
2016,CHEVROLET,EQUINOX,3.6,6,12.1,285,4
2016,CHEVROLET,EQUINOX FFV,2.4,4,9.1,214,6
2016,CHEVROLET,EQUINOX FFV,2.4,4,13.4,221,6
2016,CHEVROLET,EQUINOX AWD,2.4,4,10,235,5
2016,CHEVROLET,EQUINOX AWD,3.6,6,12.8,300,4
2016,CHEVROLET,EQUINOX AWD FFV,2.4,4,10,235,5
2016,CHEVROLET,EQUINOX AWD FFV,2.4,4,14.2,236,5
2016,CHEVROLET,EXPRESS 2500 PASSENGER,6,8,18.8,441,1
2016,CHEVROLET,EXPRESS 3500 PASSENGER,6,8,19.8,465,1
2016,CHEVROLET,IMPALA,2.5,4,9.2,215,6
2016,CHEVROLET,IMPALA FFV,3.6,6,10.6,248,5
2016,CHEVROLET,IMPALA FFV,3.6,6,14.5,239,5
2016,CHEVROLET,IMPALA DUAL FUEL,3.6,6,11.9,272,4
2016,CHEVROLET,IMPALA DUAL FUEL,3.6,6,12.7,213,6
2016,CHEVROLET,MALIBU,1.5,4,7.6,179,7
2016,CHEVROLET,MALIBU,2,4,9,211,6
2016,CHEVROLET,MALIBU LIMITED,2.5,4,8.6,202,6
2016,CHEVROLET,MALIBU HYBRID,1.8,4,5.1,122,9
2016,CHEVROLET,SILVERADO,5.3,8,12.7,298,4
2016,CHEVROLET,SILVERADO,6.2,8,14,328,3
2016,CHEVROLET,SILVERADO FFV,4.3,6,11.9,280,4
2016,CHEVROLET,SILVERADO FFV,4.3,6,17.1,284,4
2016,CHEVROLET,SILVERADO FFV,5.3,8,12.7,298,4
2016,CHEVROLET,SILVERADO FFV,5.3,8,17.2,286,4
2016,CHEVROLET,SILVERADO 4WD,5.3,8,13.1,307,4
2016,CHEVROLET,SILVERADO 4WD,6.2,8,14.2,332,3
2016,CHEVROLET,SILVERADO 4WD FFV,4.3,6,12.6,296,4
2016,CHEVROLET,SILVERADO 4WD FFV,4.3,6,18.1,301,4
2016,CHEVROLET,SILVERADO 4WD FFV,5.3,8,13.1,306,4
2016,CHEVROLET,SILVERADO 4WD FFV,5.3,8,17.8,295,4
2016,CHEVROLET,SILVERADO eASSIST 4WD,5.3,8,13,304,4
2016,CHEVROLET,SONIC,1.4,4,8,188,7
2016,CHEVROLET,SONIC,1.4,4,7.5,175,8
2016,CHEVROLET,SONIC,1.8,4,8.3,195,7
2016,CHEVROLET,SONIC,1.8,4,8,187,7
2016,CHEVROLET,SONIC RS,1.4,4,8.4,195,7
2016,CHEVROLET,SONIC RS,1.4,4,8,189,7
2016,CHEVROLET,SONIC 5,1.4,4,8,188,7
2016,CHEVROLET,SONIC 5,1.4,4,7.5,175,8
2016,CHEVROLET,SONIC 5,1.8,4,8.3,195,7
2016,CHEVROLET,SONIC 5,1.8,4,8,187,7
2016,CHEVROLET,SONIC 5 RS,1.4,4,8.4,195,7
2016,CHEVROLET,SONIC 5 RS,1.4,4,8,189,7
2016,CHEVROLET,SPARK,1.4,4,6.7,157,8
2016,CHEVROLET,SPARK,1.4,4,6.9,162,8
2016,CHEVROLET,SUBURBAN,5.3,8,13,304,4
2016,CHEVROLET,SUBURBAN FFV,5.3,8,13,304,4
2016,CHEVROLET,SUBURBAN FFV,5.3,8,17.6,288,4
2016,CHEVROLET,SUBURBAN 4WD,5.3,8,13.3,312,4
2016,CHEVROLET,SUBURBAN 4WD FFV,5.3,8,13.3,312,4
2016,CHEVROLET,SUBURBAN 4WD FFV,5.3,8,19.1,317,3
2016,CHEVROLET,TAHOE,5.3,8,13,304,4
2016,CHEVROLET,TAHOE FFV,5.3,8,13,304,4
2016,CHEVROLET,TAHOE FFV,5.3,8,17.6,288,4
2016,CHEVROLET,TAHOE 4WD,5.3,8,13.2,310,4
2016,CHEVROLET,TAHOE 4WD FFV,5.3,8,13.2,310,4
2016,CHEVROLET,TAHOE 4WD FFV,5.3,8,18,300,4
2016,CHEVROLET,TRAVERSE,3.6,6,13.4,315,4
2016,CHEVROLET,TRAVERSE AWD,3.6,6,13.7,323,3
2016,CHEVROLET,TRAX,1.4,4,8.2,193,7
2016,CHEVROLET,TRAX,1.4,4,8.1,190,7
2016,CHEVROLET,TRAX 4WD,1.4,4,8.7,205,6
2016,CHRYSLER,200 FFV,2.4,4,8.5,198,7
2016,CHRYSLER,200 FFV,2.4,4,11.3,186,7
2016,CHRYSLER,200 FFV,3.6,6,10.2,239,5
2016,CHRYSLER,200 FFV,3.6,6,13.6,225,6
2016,CHRYSLER,200 AWD FFV,3.6,6,10.7,250,5
2016,CHRYSLER,200 AWD FFV,3.6,6,14.1,232,5
2016,CHRYSLER,300,3.6,6,10.3,240,5
2016,CHRYSLER,300 FFV,3.6,6,10.3,240,5
2016,CHRYSLER,300 FFV,3.6,6,13.9,229,5
2016,CHRYSLER,300 (MDS),5.7,8,12.3,289,4
2016,CHRYSLER,300 AWD,3.6,6,10.9,257,5
2016,CHRYSLER,300 AWD FFV,3.6,6,10.9,257,5
2016,CHRYSLER,300 AWD FFV,3.6,6,14.8,243,5
2016,CHRYSLER,TOWN & COUNTRY FFV,3.6,6,12,282,4
2016,CHRYSLER,TOWN & COUNTRY FFV,3.6,6,16.8,279,4
2016,DODGE,CHALLENGER,3.6,6,10.3,242,5
2016,DODGE,CHALLENGER,5.7,8,13.1,307,4
2016,DODGE,CHALLENGER,6.4,8,13.9,326,3
2016,DODGE,CHALLENGER (MDS),5.7,8,12.3,289,4
2016,DODGE,CHALLENGER (MDS),6.4,8,12.9,302,4
2016,DODGE,CHALLENGER SRT,6.4,8,13.9,326,3
2016,DODGE,CHALLENGER SRT (MDS),6.4,8,12.9,302,4
2016,DODGE,CHALLENGER SRT HELLCAT,6.2,8,14.5,339,3
2016,DODGE,CHALLENGER SRT HELLCAT,6.2,8,15.1,353,3
2016,DODGE,CHARGER,3.6,6,11.5,271,4
2016,DODGE,CHARGER,3.6,6,10.3,240,5
2016,DODGE,CHARGER FFV,3.6,6,11.5,271,4
2016,DODGE,CHARGER FFV,3.6,6,15.9,264,5
2016,DODGE,CHARGER FFV,3.6,6,10.3,240,5
2016,DODGE,CHARGER FFV,3.6,6,13.9,229,5
2016,DODGE,CHARGER (MDS),5.7,8,12.9,302,4
2016,DODGE,CHARGER (MDS),5.7,8,12.3,289,4
2016,DODGE,CHARGER (MDS),6.4,8,12.9,302,4
2016,DODGE,CHARGER AWD,3.6,6,10.9,257,5
2016,DODGE,CHARGER AWD FFV,3.6,6,10.9,257,5
2016,DODGE,CHARGER AWD FFV,3.6,6,14.8,243,5
2016,DODGE,CHARGER AWD (MDS),5.7,8,13.4,313,4
2016,DODGE,CHARGER SRT (MDS),6.4,8,12.9,302,4
2016,DODGE,CHARGER SRT HELLCAT,6.2,8,14.5,339,3
2016,DODGE,DART,2,4,8.1,189,7
2016,DODGE,DART,2.4,4,8.6,202,6
2016,DODGE,DART,2.4,4,8.8,205,6
2016,DODGE,DART FFV,2,4,8.6,201,6
2016,DODGE,DART FFV,2,4,11.5,187,7
2016,DODGE,DART GT,2.4,4,9.2,215,6
2016,DODGE,DART GT,2.4,4,8.8,207,6
2016,DODGE,DART TURBO AERO,1.4,4,7.3,171,8
2016,DODGE,DART TURBO AERO,1.4,4,7.3,171,8
2016,DODGE,DURANGO AWD,3.6,6,11.3,265,5
2016,DODGE,DURANGO AWD (MDS),5.7,8,14,329,3
2016,DODGE,GRAND CARAVAN FFV,3.6,6,11.8,276,4
2016,DODGE,GRAND CARAVAN FFV,3.6,6,16.4,269,5
2016,DODGE,JOURNEY,2.4,4,11.1,260,5
2016,DODGE,JOURNEY FFV,3.6,6,12.1,283,4
2016,DODGE,JOURNEY FFV,3.6,6,16.2,270,5
2016,DODGE,JOURNEY AWD,3.6,6,12.4,292,4
2016,DODGE,VIPER SRT,8.4,10,15.6,364,2
2016,FIAT,500 CABRIO,1.4,4,7.9,183,7
2016,FIAT,500 CABRIO,1.4,4,7.2,168,8
2016,FIAT,500 HATCHBACK,1.4,4,7.9,183,7
2016,FIAT,500 HATCHBACK,1.4,4,6.8,160,8
2016,FIAT,500 HATCHBACK TURBO,1.4,4,8.6,200,7
2016,FIAT,500 HATCHBACK TURBO,1.4,4,7.8,183,7
2016,FIAT,500 ABARTH CABRIO,1.4,4,8.6,200,7
2016,FIAT,500 ABARTH CABRIO,1.4,4,7.8,183,7
2016,FIAT,500 ABARTH HATCHBACK,1.4,4,8.6,200,7
2016,FIAT,500 ABARTH HATCHBACK,1.4,4,7.8,183,7
2016,FIAT,500L,1.4,4,9.4,218,6
2016,FIAT,500L,1.4,4,8.7,203,6
2016,FIAT,500L,1.4,4,8.3,194,7
2016,FIAT,500X,1.4,4,8.3,194,7
2016,FIAT,500X,2.4,4,9.3,217,6
2016,FIAT,500X AWD,2.4,4,9.6,224,6
2016,FORD,C-MAX HYBRID,2,4,6,140,9
2016,FORD,EDGE,2,4,9.8,231,5
2016,FORD,EDGE (Start/Stop),2,4,9.8,228,5
2016,FORD,EDGE,3.5,6,11.4,268,5
2016,FORD,EDGE AWD,2,4,10.3,240,5
2016,FORD,EDGE AWD,2.7,6,11.9,278,4
2016,FORD,EDGE AWD,3.5,6,11.8,278,4
2016,FORD,ESCAPE,1.6,4,8.9,208,6
2016,FORD,ESCAPE,2,4,9.6,224,6
2016,FORD,ESCAPE,2.5,4,9.4,220,6
2016,FORD,ESCAPE AWD,1.6,4,9.4,220,6
2016,FORD,ESCAPE AWD,2,4,10,236,5
2016,FORD,EXPEDITION 4X4,3.5,6,14.3,334,3
2016,FORD,EXPEDITION EL 4X4,3.5,6,14.4,338,3
2016,FORD,EXPLORER,2.3,4,10.8,253,5
2016,FORD,EXPLORER FFV,3.5,6,12,280,4
2016,FORD,EXPLORER FFV,3.5,6,16.1,264,5
2016,FORD,EXPLORER AWD,2.3,4,11.3,265,5
2016,FORD,EXPLORER AWD,3.5,6,13,305,4
2016,FORD,EXPLORER FFV AWD,3.5,6,12.6,295,4
2016,FORD,EXPLORER FFV AWD,3.5,6,17.2,282,4
2016,FORD,F-150,2.7,6,10.9,256,5
2016,FORD,F-150,3.5,6,11.9,278,4
2016,FORD,F-150 (Payload Pkg),2.7,6,11.2,263,5
2016,FORD,F-150 (Payload Pkg),3.5,6,12.9,303,4
2016,FORD,F-150 FFV,3.5,6,11.6,272,4
2016,FORD,F-150 FFV,3.5,6,15.7,261,5
2016,FORD,F-150 FFV,5,8,13.2,309,4
2016,FORD,F-150 FFV,5,8,17.8,292,4
2016,FORD,F-150 FFV (Payload Pkg),5,8,14.5,341,3
2016,FORD,F-150 FFV (Payload Pkg),5,8,17.8,293,4
2016,FORD,F-150 4X4,2.7,6,11.7,275,4
2016,FORD,F-150 4X4,3.5,6,12.9,303,4
2016,FORD,F-150 4X4 (Payload Pkg),2.7,6,12.3,288,4
2016,FORD,F-150 4X4 (Payload Pkg),3.5,6,13.8,324,3
2016,FORD,F-150 FFV 4X4,3.5,6,12.5,292,4
2016,FORD,F-150 FFV 4X4,3.5,6,16.9,278,4
2016,FORD,F-150 FFV 4X4,5,8,13.8,324,3
2016,FORD,F-150 FFV 4X4,5,8,18.7,306,4
2016,FORD,F-150 FFV 4X4 (Payload Pkg),5,8,14.8,347,3
2016,FORD,F-150 FFV 4X4 (Payload Pkg),5,8,18.8,310,4
2016,FORD,FIESTA,1.6,4,7.6,180,7
2016,FORD,FIESTA,1.6,4,7.6,179,7
2016,FORD,FIESTA SFE,1,3,6.6,153,8
2016,FORD,FIESTA ST,1.6,4,8.1,191,7
2016,FORD,FLEX,3.5,6,12.7,298,4
2016,FORD,FLEX AWD,3.5,6,12.9,303,4
2016,FORD,FLEX AWD GTDI,3.5,6,13.7,322,3
2016,FORD,FOCUS,1,3,7.3,171,8
2016,FORD,FOCUS,1,3,6.8,160,8
2016,FORD,FOCUS FFV,2,4,7.6,178,7
2016,FORD,FOCUS FFV,2,4,10.3,170,8
2016,FORD,FOCUS FFV,2,4,7.8,183,7
2016,FORD,FOCUS FFV,2,4,10.5,175,8
2016,FORD,FOCUS FFV,2,4,8,188,7
2016,FORD,FOCUS FFV,2,4,10.8,179,7
2016,FORD,FOCUS RS AWD,2.3,4,10.9,255,5
2016,FORD,FOCUS ST,2,4,9.2,217,6
2016,FORD,FUSION,1.5,4,8.4,197,7
2016,FORD,FUSION (Start/Stop),1.5,4,8,188,7
2016,FORD,FUSION,2,4,8.9,210,6
2016,FORD,FUSION,2.5,4,8.9,209,6
2016,FORD,FUSION AWD,2,4,9.3,220,6
2016,FORD,FUSION HYBRID,2,4,5.5,130,9
2016,FORD,MUSTANG,2.3,4,9.4,219,6
2016,FORD,MUSTANG,2.3,4,9.2,217,6
2016,FORD,MUSTANG,3.7,6,10.7,253,5
2016,FORD,MUSTANG,3.7,6,11.2,264,5
2016,FORD,MUSTANG,5,8,12.4,292,4
2016,FORD,MUSTANG,5,8,12.7,298,4
2016,FORD,MUSTANG CONVERTIBLE,2.3,4,10,234,5
2016,FORD,MUSTANG CONVERTIBLE,5,8,13,304,4
2016,FORD,SHELBY GT350 MUSTANG,5.2,8,14.2,334,3
2016,FORD,T-150 WAGON,3.5,6,14.6,342,3
2016,FORD,T-150 WAGON FFV,3.7,6,15.2,356,3
2016,FORD,T-150 WAGON FFV,3.7,6,21,345,3
2016,FORD,TAURUS,2,4,10.1,237,5
2016,FORD,TAURUS FFV,3.5,6,11.1,260,5
2016,FORD,TAURUS FFV,3.5,6,14.9,248,5
2016,FORD,TAURUS AWD,3.5,6,12.5,293,4
2016,FORD,TAURUS FFV AWD,3.5,6,12.4,291,4
2016,FORD,TAURUS FFV AWD,3.5,6,16.3,271,4
2016,FORD,TRANSIT CONNECT VAN,1.6,4,9.5,223,6
2016,FORD,TRANSIT CONNECT VAN,2.5,4,10.4,243,5
2016,FORD,TRANSIT CONNECT VAN FFV,2.5,4,10.4,243,5
2016,FORD,TRANSIT CONNECT VAN FFV,2.5,4,14.2,233,5
2016,FORD,TRANSIT CONNECT WAGON,2.5,4,10.7,252,5
2016,FORD,TRANSIT CONNECT WAGON FFV,2.5,4,10.7,252,5
2016,FORD,TRANSIT CONNECT WAGON FFV,2.5,4,14.6,240,5
2016,FORD,TRANSIT CONNECT WAGON LWB,2.5,4,10.7,252,5
2016,FORD,TRANSIT CONNECT WAGON LWB FFV,2.5,4,10.7,252,5
2016,FORD,TRANSIT CONNECT WAGON LWB FFV,2.5,4,14.6,240,5
2016,GMC,ACADIA,3.6,6,13.4,315,4
2016,GMC,ACADIA AWD,3.6,6,13.7,323,3
2016,GMC,CANYON,2.5,4,10.5,247,5
2016,GMC,CANYON,2.5,4,10.8,253,5
2016,GMC,CANYON,2.8,4,9.4,252,5
2016,GMC,CANYON,3.6,6,11.3,265,5
2016,GMC,CANYON 4WD,2.5,4,11.3,265,5
2016,GMC,CANYON 4WD,2.8,4,10.3,277,4
2016,GMC,CANYON 4WD,3.6,6,11.9,279,4
2016,GMC,SAVANA 2500 PASSENGER,6,8,18.8,441,1
2016,GMC,SAVANA 3500 PASSENGER,6,8,19.8,465,1
2016,GMC,SIERRA,5.3,8,12.7,298,4
2016,GMC,SIERRA,6.2,8,14,327,3
2016,GMC,SIERRA FFV,4.3,6,11.9,280,4
2016,GMC,SIERRA FFV,4.3,6,17.1,284,4
2016,GMC,SIERRA FFV,5.3,8,12.7,298,4
2016,GMC,SIERRA FFV,5.3,8,17.2,286,4
2016,GMC,SIERRA 4WD,5.3,8,13.1,307,4
2016,GMC,SIERRA 4WD,6.2,8,14.2,332,3
2016,GMC,SIERRA 4WD FFV,4.3,6,12.6,296,4
2016,GMC,SIERRA 4WD FFV,4.3,6,18.1,301,4
2016,GMC,SIERRA 4WD FFV,5.3,8,13.1,306,4
2016,GMC,SIERRA 4WD FFV,5.3,8,17.8,295,4
2016,GMC,SIERRA eASSIST 4WD,5.3,8,13,304,4
2016,GMC,TERRAIN,2.4,4,9.1,214,6
2016,GMC,TERRAIN,3.6,6,12.1,285,4
2016,GMC,TERRAIN FFV,2.4,4,9.1,214,6
2016,GMC,TERRAIN FFV,2.4,4,13.4,221,6
2016,GMC,TERRAIN AWD,2.4,4,10,235,5
2016,GMC,TERRAIN AWD,3.6,6,12.8,300,4
2016,GMC,YUKON,5.3,8,13,304,4
2016,GMC,YUKON FFV,5.3,8,13,304,4
2016,GMC,YUKON FFV,5.3,8,17.6,288,4
2016,GMC,YUKON 4WD,5.3,8,13.2,310,4
2016,GMC,YUKON 4WD,6.2,8,13.8,323,3
2016,GMC,YUKON 4WD FFV,5.3,8,13.2,310,4
2016,GMC,YUKON 4WD FFV,5.3,8,18,300,4
2016,GMC,YUKON XL,5.3,8,13,304,4
2016,GMC,YUKON XL FFV,5.3,8,13,304,4
2016,GMC,YUKON XL FFV,5.3,8,17.6,288,4
2016,GMC,YUKON XL 4WD,5.3,8,13.3,312,4
2016,GMC,YUKON XL 4WD,6.2,8,14.3,334,3
2016,GMC,YUKON XL 4WD FFV,5.3,8,13.3,312,4
2016,GMC,YUKON XL 4WD FFV,5.3,8,19.1,317,3
2016,HONDA,ACCORD,2.4,4,8.9,207,6
2016,HONDA,ACCORD COUPE,3.5,6,9.5,223,6
2016,HONDA,ACCORD COUPE,3.5,6,10.9,253,5
2016,HONDA,ACCORD SEDAN,2.4,4,7.6,177,7
2016,HONDA,ACCORD SEDAN,3.5,6,9.4,219,6
2016,HONDA,ACCORD SPORT,2.4,4,8,187,7
2016,HONDA,CIVIC COUPE,1.5,4,6.7,155,8
2016,HONDA,CIVIC COUPE,2,4,6.9,162,8
2016,HONDA,CIVIC COUPE,2,4,7.7,179,7
2016,HONDA,CIVIC SEDAN,1.5,4,6.7,157,8
2016,HONDA,CIVIC SEDAN,2,4,6.9,162,8
2016,HONDA,CIVIC SEDAN,2,4,7.5,176,7
2016,HONDA,CR-V,2.4,4,7.9,186,7
2016,HONDA,CR-V AWD,2.4,4,8.6,202,6
2016,HONDA,CR-Z,1.5,4,6.8,157,8
2016,HONDA,CR-Z,1.5,4,7.3,169,8
2016,HONDA,FIT,1.5,4,6.4,150,8
2016,HONDA,FIT,1.5,4,6.8,158,8
2016,HONDA,FIT,1.5,4,7.3,171,8
2016,HONDA,HR-V,1.8,4,7.6,177,7
2016,HONDA,HR-V,1.8,4,7.6,177,7
2016,HONDA,HR-V,1.8,4,8.3,193,7
2016,HONDA,HR-V AWD,1.8,4,8.1,190,7
2016,HONDA,HR-V AWD,1.8,4,8.1,190,7
2016,HONDA,ODYSSEY,3.5,6,10.6,250,5
2016,HONDA,PILOT,3.5,6,10.8,253,5
2016,HONDA,PILOT AWD,3.5,6,11.3,265,5
2016,HONDA,PILOT AWD,3.5,6,11,257,5
2016,HYUNDAI,ACCENT,1.6,4,7.7,179,7
2016,HYUNDAI,ACCENT,1.6,4,7.6,176,7
2016,HYUNDAI,ELANTRA,1.8,4,7.5,176,7
2016,HYUNDAI,ELANTRA,1.8,4,7.7,180,7
2016,HYUNDAI,ELANTRA,2,4,8.3,194,7
2016,HYUNDAI,ELANTRA,2,4,8.5,198,7
2016,HYUNDAI,ELANTRA GT,2,4,8.6,203,6
2016,HYUNDAI,ELANTRA GT,2,4,8.6,202,6
2016,HYUNDAI,EQUUS,5,8,13.3,312,4
2016,HYUNDAI,GENESIS AWD,3.8,6,12.1,285,4
2016,HYUNDAI,GENESIS AWD,5,8,14.2,332,3
2016,HYUNDAI,GENESIS COUPE,3.8,6,12.2,284,4
2016,HYUNDAI,GENESIS COUPE,3.8,6,12.1,283,4
2016,HYUNDAI,SANTA FE,3.3,6,11.3,265,5
2016,HYUNDAI,SANTA FE AWD,3.3,6,11.5,269,5
2016,HYUNDAI,SANTA FE SPORT,2.4,4,10.3,239,5
2016,HYUNDAI,SANTA FE SPORT AWD,2,4,11.5,266,5
2016,HYUNDAI,SANTA FE SPORT AWD,2.4,4,11.1,257,5
2016,HYUNDAI,SANTA FE ULTIMATE AWD,3.3,6,12.5,295,4
2016,HYUNDAI,SONATA,2,4,9.1,214,6
2016,HYUNDAI,SONATA,2.4,4,8.1,191,7
2016,HYUNDAI,SONATA SPORT/LIMITED,2.4,4,8.6,204,6
2016,HYUNDAI,SONATA HYBRID,2,4,5.6,133,9
2016,HYUNDAI,SONATA HYBRID LIMITED,2,4,5.8,136,9
2016,HYUNDAI,TUCSON,2,4,9,211,6
2016,HYUNDAI,TUCSON AWD,1.6,4,9.2,219,6
2016,HYUNDAI,TUCSON AWD,2,4,10.1,240,5
2016,HYUNDAI,VELOSTER,1.6,4,7.5,177,7
2016,HYUNDAI,VELOSTER,1.6,4,7.8,186,7
2016,HYUNDAI,VELOSTER TURBO,1.6,4,8.1,191,7
2016,HYUNDAI,VELOSTER TURBO,1.6,4,8.3,197,7
2016,INFINITI,Q50,2,4,9.1,214,6
2016,INFINITI,Q50,3,6,10.3,242,5
2016,INFINITI,Q50 AWD,2,4,9.6,226,5
2016,INFINITI,Q50 AWD,3,6,10.6,249,5
2016,INFINITI,Q50S AWD,3,6,11.1,262,5
2016,INFINITI,Q50S RED SPORT,3,6,10.5,247,5
2016,INFINITI,Q50S RED SPORT AWD,3,6,10.8,256,5
2016,INFINITI,Q50 HYBRID,3.5,6,7.7,181,7
2016,INFINITI,Q50 HYBRID AWD,3.5,6,8.2,193,7
2016,INFINITI,Q70 AWD,3.7,6,11.6,274,4
2016,INFINITI,Q70 AWD,5.6,8,12.8,300,4
2016,INFINITI,Q70 HYBRID,3.5,6,7.5,177,7
2016,INFINITI,QX50 AWD,3.7,6,11.9,279,4
2016,INFINITI,QX60,3.5,6,10.3,242,5
2016,INFINITI,QX60 AWD,3.5,6,10.7,252,5
2016,INFINITI,QX60 HYBRID AWD,2.5,4,8.7,204,6
2016,INFINITI,QX70 AWD,3.7,6,12.8,301,4
2016,INFINITI,QX80 4WD,5.6,8,15.1,354,3
2016,JAGUAR,F-TYPE CONVERTIBLE,3,6,10.5,246,5
2016,JAGUAR,F-TYPE CONVERTIBLE,3,6,12.6,296,4
2016,JAGUAR,F-TYPE COUPE,3,6,10.5,246,5
2016,JAGUAR,F-TYPE COUPE,3,6,12.6,296,4
2016,JAGUAR,F-TYPE PROJECT 7 CONVERTIBLE,5,8,12.8,302,4
2016,JAGUAR,F-TYPE R AWD CONVERTIBLE,5,8,13.3,311,4
2016,JAGUAR,F-TYPE R AWD COUPE,5,8,13.3,311,4
2016,JAGUAR,F-TYPE S CONVERTIBLE,3,6,10.8,254,5
2016,JAGUAR,F-TYPE S CONVERTIBLE,3,6,12.9,302,4
2016,JAGUAR,F-TYPE S CONVERTIBLE AWD,3,6,11.3,264,5
2016,JAGUAR,F-TYPE S COUPE,3,6,10.8,254,5
2016,JAGUAR,F-TYPE S COUPE,3,6,12.9,302,4
2016,JAGUAR,F-TYPE S COUPE AWD,3,6,11.3,264,5
2016,JAGUAR,XF AWD ,3,6,10.3,241,5
2016,JAGUAR,XJ R-SPORT 3.0 AWD,3,6,11.7,275,4
2016,JAGUAR,XJL 3.0 AWD PORTFOLIO,3,6,11.9,279,4
2016,JAGUAR,XJR,5,8,13.3,313,4
2016,JAGUAR,XJR LWB,5,8,13.3,313,4
2016,JEEP,CHEROKEE,2.4,4,9.5,223,6
2016,JEEP,CHEROKEE FFV,2.4,4,9.5,223,6
2016,JEEP,CHEROKEE FFV,2.4,4,12.9,213,6
2016,JEEP,CHEROKEE,3.2,6,9.9,233,5
2016,JEEP,CHEROKEE 4X4,2.4,4,10,233,5
2016,JEEP,CHEROKEE 4X4 FFV,2.4,4,10,233,5
2016,JEEP,CHEROKEE 4X4 FFV,2.4,4,13.7,226,5
2016,JEEP,CHEROKEE 4X4,3.2,6,10.2,240,5
2016,JEEP,CHEROKEE 4X4 ACTIVE DRIVE II,2.4,4,10.1,238,5
2016,JEEP,CHEROKEE 4X4 ACTIVE DRIVE II,3.2,6,10.9,256,5
2016,JEEP,CHEROKEE TRAILHAWK 4X4,2.4,4,10.9,255,5
2016,JEEP,CHEROKEE TRAILHAWK 4X4,3.2,6,10.8,253,5
2016,JEEP,COMPASS,2,4,10,234,5
2016,JEEP,COMPASS,2,4,9.2,214,6
2016,JEEP,COMPASS,2.4,4,10,235,5
2016,JEEP,COMPASS,2.4,4,9.3,218,6
2016,JEEP,COMPASS 4X4,2.4,4,10.5,248,5
2016,JEEP,COMPASS 4X4,2.4,4,9.7,228,5
2016,JEEP,COMPASS 4X4 TRAIL RATED,2.4,4,11.1,259,5
2016,JEEP,GRAND CHEROKEE 4X4,3.6,6,11.3,265,5
2016,JEEP,GRAND CHEROKEE 4X4 (MDS),5.7,8,14,329,3
2016,JEEP,GRAND CHEROKEE 4X4 DIESEL,3,6,9.9,267,5
2016,JEEP,GRAND CHEROKEE SRT 4X4 (MDS),6.4,8,15.8,370,2
2016,JEEP,PATRIOT,2,4,10,234,5
2016,JEEP,PATRIOT,2,4,9.2,214,6
2016,JEEP,PATRIOT,2.4,4,10,235,5
2016,JEEP,PATRIOT,2.4,4,9.3,218,6
2016,JEEP,PATRIOT 4X4,2.4,4,10.5,248,5
2016,JEEP,PATRIOT 4X4,2.4,4,9.7,228,5
2016,JEEP,PATRIOT 4X4 TRAIL RATED,2.4,4,11.1,259,5
2016,JEEP,RENEGADE,1.4,4,8.8,207,6
2016,JEEP,RENEGADE FFV,2.4,4,9.4,220,6
2016,JEEP,RENEGADE FFV,2.4,4,12.2,201,6
2016,JEEP,RENEGADE 4X4,1.4,4,8.8,203,6
2016,JEEP,RENEGADE 4X4,2.4,4,9.8,229,5
2016,JEEP,WRANGLER 4X4,3.6,6,12.8,299,4
2016,JEEP,WRANGLER 4X4,3.6,6,12.8,299,4
2016,JEEP,WRANGLER UNLIMITED 4X4,3.6,6,13.4,314,4
2016,JEEP,WRANGLER UNLIMITED 4X4,3.6,6,13.4,312,4
2016,KIA,CADENZA,3.3,6,10.7,251,5
2016,KIA,FORTE,1.8,4,7.6,179,7
2016,KIA,FORTE,1.8,4,7.9,186,7
2016,KIA,FORTE,2,4,8.3,196,7
2016,KIA,FORTE,2,4,8.5,198,7
2016,KIA,FORTE 5,1.6,4,9.7,228,5
2016,KIA,FORTE 5,1.6,4,9.8,227,5
2016,KIA,FORTE 5,2,4,8.5,199,7
2016,KIA,FORTE 5,2,4,8.4,197,7
2016,KIA,FORTE KOUP,1.6,4,9.4,218,6
2016,KIA,FORTE KOUP,1.6,4,9.6,222,6
2016,KIA,FORTE KOUP,2,4,8.6,200,7
2016,KIA,FORTE KOUP,2,4,8.8,206,6
2016,KIA,K900,3.8,6,11.8,278,4
2016,KIA,K900,5,8,13.4,318,3
2016,KIA,OPTIMA,1.6,4,7.4,175,8
2016,KIA,OPTIMA,2,4,9.3,222,6
2016,KIA,OPTIMA,2.4,4,8.1,193,7
2016,KIA,OPTIMA HYBRID,2.4,4,6.3,147,9
2016,KIA,OPTIMA HYBRID EX,2.4,4,6.4,150,8
2016,KIA,RIO,1.6,4,7.7,178,7
2016,KIA,RIO,1.6,4,7.7,179,7
2016,KIA,RIO ECO,1.6,4,7.6,175,8
2016,KIA,RONDO,2,4,9,214,6
2016,KIA,RONDO,2,4,9.3,220,6
2016,KIA,SEDONA,3.3,6,11.6,275,4
2016,KIA,SEDONA SX,3.3,6,11.4,269,5
2016,KIA,SEDONA SXL,3.3,6,12.5,296,4
2016,KIA,SORENTO,2,4,10.3,245,5
2016,KIA,SORENTO,2.4,4,9.8,233,5
2016,KIA,SORENTO AWD,2,4,10.9,259,5
2016,KIA,SORENTO AWD,2.4,4,10.4,245,5
2016,KIA,SORENTO AWD,3.3,6,11.6,275,4
2016,KIA,SOUL,1.6,4,8.9,206,6
2016,KIA,SOUL,1.6,4,9,208,6
2016,KIA,SOUL,2,4,8.8,208,6
2016,KIA,SOUL ECO DYNAMICS,2,4,8.8,208,6
2016,KIA,SPORTAGE,2.4,4,10,231,5
2016,KIA,SPORTAGE,2.4,4,11.3,261,5
2016,KIA,SPORTAGE AWD,2,4,11.3,261,5
2016,KIA,SPORTAGE AWD,2.4,4,10.8,251,5
2016,LAMBORGHINI,AVENTADOR COUPE,6.5,12,17.9,420,1
2016,LAMBORGHINI,AVENTADOR ROADSTER,6.5,12,19.3,452,1
2016,LAMBORGHINI,HURACAN,5.2,10,14.2,331,3
2016,LAMBORGHINI,HURACAN SPYDER,5.2,10,14.6,340,3
2016,LAND ROVER,DISCOVERY SPORT,2,4,10.6,248,5
2016,LAND ROVER,LR4,3,6,14.3,336,3
2016,LAND ROVER,RANGE ROVER,3,6,12.4,291,4
2016,LAND ROVER,RANGE ROVER TD6 DIESEL,3,6,9.4,254,5
2016,LAND ROVER,RANGE ROVER SUPERCHARGED,5,8,15.1,356,3
2016,LAND ROVER,RANGE ROVER SUPERCHARGED LWB,5,8,15.1,356,3
2016,LAND ROVER,RANGE ROVER SPORT,3,6,12.4,291,4
2016,LAND ROVER,RANGE ROVER SPORT TD6 DIESEL,3,6,9.4,254,5
2016,LAND ROVER,RANGE ROVER SPORT SUPERCHARGED,5,8,14.7,344,3
2016,LAND ROVER,RANGE ROVER EVOQUE,2,4,9.7,229,5
2016,LEXUS,CT 200h,1.8,4,5.7,132,9
2016,LEXUS,ES 300h,2.5,4,5.9,139,9
2016,LEXUS,ES 350,3.5,6,9.7,225,6
2016,LEXUS,GS 200t,2,4,9,212,6
2016,LEXUS,GS 200t F SPORT,2,4,9.7,227,5
2016,LEXUS,GS 350,3.5,6,10.2,237,5
2016,LEXUS,GS 350 AWD,3.5,6,10.9,254,5
2016,LEXUS,GS 350 F SPORT,3.5,6,10.7,251,5
2016,LEXUS,GS 450h,3.5,6,7.6,177,7
2016,LEXUS,GS F,5,8,12.5,293,4
2016,LEXUS,GX 460,4.6,8,13.9,322,3
2016,LEXUS,IS 200t,2,4,9,212,6
2016,LEXUS,IS 300 AWD,3.5,6,11.1,258,5
2016,LEXUS,IS 350,3.5,6,10.6,246,5
2016,LEXUS,IS 350 AWD,3.5,6,11.1,258,5
2016,LEXUS,LS 460,4.6,8,12.3,286,4
2016,LEXUS,LS 460 AWD,4.6,8,12.9,303,4
2016,LEXUS,LS 460 L AWD,4.6,8,12.9,303,4
2016,LEXUS,LS 600h L,5,8,11.5,268,5
2016,LEXUS,LX 570,5.7,8,15.9,371,2
2016,LEXUS,NX 200t AWD,2,4,9.6,225,6
2016,LEXUS,NX 200t AWD F SPORT,2,4,9.9,231,5
2016,LEXUS,NX 300h AWD,2.5,4,7.4,172,8
2016,LEXUS,RC 200t,2,4,9,214,6
2016,LEXUS,RC 300 AWD,3.5,6,11.1,258,5
2016,LEXUS,RC 350,3.5,6,10.6,246,5
2016,LEXUS,RC 350 AWD,3.5,6,11.1,258,5
2016,LEXUS,RC F,5,8,12.6,289,4
2016,LEXUS,RX 350 AWD,3.5,6,10.7,251,5
2016,LEXUS,RX 450h AWD,3.5,6,8,186,7
2016,LINCOLN,MKC AWD,2,4,10.9,256,5
2016,LINCOLN,MKC AWD,2.3,4,11.1,261,5
2016,LINCOLN,MKS AWD,3.5,6,12.5,293,4
2016,LINCOLN,MKS AWD,3.7,6,12.2,287,4
2016,LINCOLN,MKT AWD,3.5,6,13.7,322,3
2016,LINCOLN,MKT LIVERY,2,4,11.4,268,5
2016,LINCOLN,MKT LIVERY AWD,3.7,6,12.7,298,4
2016,LINCOLN,MKX AWD,2.7,6,12.1,283,4
2016,LINCOLN,MKX AWD,3.7,6,12.5,293,4
2016,LINCOLN,MKZ,2,4,8.9,210,6
2016,LINCOLN,MKZ,3.7,6,10.9,257,5
2016,LINCOLN,MKZ AWD,2,4,9.3,220,6
2016,LINCOLN,MKZ AWD,3.7,6,11.9,279,4
2016,LINCOLN,MKZ HYBRID,2,4,5.8,136,9
2016,LINCOLN,NAVIGATOR 4X4,3.5,6,14.3,334,3
2016,LINCOLN,NAVIGATOR L 4X4,3.5,6,14.4,339,3
2016,MASERATI,GHIBLI,3,6,12.2,286,4
2016,MASERATI,GHIBLI S,3,6,12.5,293,4
2016,MASERATI,GHIBLI SQ4,3,6,12.6,295,4
2016,MASERATI,GRANTURISMO,4.7,8,15.1,357,2
2016,MASERATI,GRANTURISMO CONVERTIBLE,4.7,8,15.2,360,2
2016,MASERATI,QUATTROPORTE GTS,3.8,8,14,322,3
2016,MASERATI,QUATTROPORTE S,3,6,12.9,300,4
2016,MASERATI,QUATTROPORTE SQ4,3,6,12.9,302,4
2016,MAZDA,CX-3,2,4,7.6,179,7
2016,MAZDA,CX-3 4WD,2,4,8.1,189,7
2016,MAZDA,CX-5,2,4,8.2,192,7
2016,MAZDA,CX-5,2.5,4,8.1,190,7
2016,MAZDA,CX-5 (SIL),2,4,8,188,7
2016,MAZDA,CX-5 4WD,2,4,8.5,199,7
2016,MAZDA,CX-5 4WD,2.5,4,9,210,6
2016,MAZDA,MAZDA3 4-DOOR,2,4,6.9,162,8
2016,MAZDA,MAZDA3 4-DOOR (SIL),2,4,7,165,8
2016,MAZDA,MAZDA3 4-DOOR,2.5,4,7.4,173,8
2016,MAZDA,MAZDA3 4-DOOR (i-ELOOP),2.5,4,7.2,169,8
2016,MAZDA,MAZDA3 4-DOOR (SIL),2.5,4,8,189,7
2016,MAZDA,MAZDA3 5-DOOR,2,4,7,165,8
2016,MAZDA,MAZDA3 5-DOOR (SIL),2,4,7.1,167,8
2016,MAZDA,MAZDA3 5-DOOR,2.5,4,7.7,182,7
2016,MAZDA,MAZDA3 5-DOOR (i-ELOOP),2.5,4,7.2,170,8
2016,MAZDA,MAZDA3 5-DOOR (SIL),2.5,4,8.1,190,7
2016,MAZDA,MAZDA5,2.5,4,9.7,226,5
2016,MAZDA,MAZDA5,2.5,4,9.8,229,5
2016,MAZDA,MAZDA6,2.5,4,7.6,178,7
2016,MAZDA,MAZDA6 (i-ELOOP),2.5,4,7.3,171,8
2016,MAZDA,MAZDA6 (SIL),2.5,4,8.1,188,7
2016,MAZDA,MX-5,2,4,7.8,183,7
2016,MAZDA,MX-5 (SIL),2,4,7.8,183,7
2016,MERCEDES-BENZ,AMG C 63,4,8,11.7,268,5
2016,MERCEDES-BENZ,AMG C 63 S,4,8,11.7,268,5
2016,MERCEDES-BENZ,AMG CLA 45,2,4,9.1,214,6
2016,MERCEDES-BENZ,AMG CLS 63 S 4MATIC,5.5,8,13.1,308,4
2016,MERCEDES-BENZ,AMG E 63 S 4MATIC,5.5,8,13.3,310,4
2016,MERCEDES-BENZ,AMG E 63 S 4MATIC WAGON,5.5,8,13.3,310,4
2016,MERCEDES-BENZ,AMG G 63,5.5,8,18.5,417,1
2016,MERCEDES-BENZ,AMG G 65,6,12,21.4,476,1
2016,MERCEDES-BENZ,AMG GL 63 S,5.5,8,16.3,369,2
2016,MERCEDES-BENZ,AMG GLA 45,2,4,9.3,216,6
2016,MERCEDES-BENZ,AMG GLE 63 S 4MATIC,5.5,8,15.6,366,2
2016,MERCEDES-BENZ,AMG GLE 63 S COUPE 4MATIC,5.5,8,15.2,363,2
2016,MERCEDES-BENZ,AMG GT S,4,8,12.8,303,4
2016,MERCEDES-BENZ,AMG S 63,5.5,8,13.2,313,4
2016,MERCEDES-BENZ,AMG S 63 COUPE,5.5,8,13,313,4
2016,MERCEDES-BENZ,AMG S 65,6,12,15.5,361,2
2016,MERCEDES-BENZ,AMG S 65 COUPE,6,12,15,355,3
2016,MERCEDES-BENZ,AMG SL 63,5.5,8,12.4,298,4
2016,MERCEDES-BENZ,AMG SL 65,6,12,14.2,335,3
2016,MERCEDES-BENZ,AMG SLK 55,5.5,8,10.6,252,5
2016,MERCEDES-BENZ,B 250,2,4,8,188,7
2016,MERCEDES-BENZ,B 250 4MATIC,2,4,8.9,206,6
2016,MERCEDES-BENZ,C 300 4MATIC,2,4,9,212,6
2016,MERCEDES-BENZ,C 450 AMG SPORT 4MATIC,3,6,10.4,231,5
2016,MERCEDES-BENZ,CLA 250,2,4,8.1,188,7
2016,MERCEDES-BENZ,CLA 250 4MATIC FFV,2,4,8.6,198,7
2016,MERCEDES-BENZ,CLA 250 4MATIC FFV,2,4,11.6,198,7
2016,MERCEDES-BENZ,CLS 400 4MATIC,3,6,10.7,252,5
2016,MERCEDES-BENZ,CLS 550 4MATIC,4.7,8,11.7,277,4
2016,MERCEDES-BENZ,E 250 BLUETEC 4MATIC,2.1,4,7.4,200,7
2016,MERCEDES-BENZ,E 300 4MATIC,3.5,6,10.2,240,5
2016,MERCEDES-BENZ,E 400 4MATIC,3,6,10.4,244,5
2016,MERCEDES-BENZ,E 400 4MATIC COUPE,3,6,10.2,239,5
2016,MERCEDES-BENZ,E 400 4MATIC WAGON,3,6,10.8,253,5
2016,MERCEDES-BENZ,E 400 CABRIOLET,3,6,10,233,5
2016,MERCEDES-BENZ,E 550 4MATIC,4.7,8,11.4,270,5
2016,MERCEDES-BENZ,E 550 CABRIOLET,4.7,8,11.7,275,4
2016,MERCEDES-BENZ,E 550 COUPE,4.7,8,11.4,268,5
2016,MERCEDES-BENZ,G 550,5.5,8,17.9,401,2
2016,MERCEDES-BENZ,GL 350 BLUETEC 4MATIC,3,6,12,322,3
2016,MERCEDES-BENZ,GL 450 4MATIC,3,6,14,298,4
2016,MERCEDES-BENZ,GL 550 4MATIC,4.7,8,15.5,365,2
2016,MERCEDES-BENZ,GLA 250 4MATIC,2,4,8.7,203,6
2016,MERCEDES-BENZ,GLE 350d 4MATIC,3,6,9.2,246,5
2016,MERCEDES-BENZ,GLE 350d 4MATIC COUPE,3,6,9.4,253,5
2016,MERCEDES-BENZ,GLE 400 4MATIC,3,6,12,282,4
2016,MERCEDES-BENZ,GLE 450 AMG SPORT 4MATIC COUPE,3,6,12,281,4
2016,MERCEDES-BENZ,GLE 550 4MATIC,4.7,8,14.2,335,3
2016,MERCEDES-BENZ,MAYBACH S 600,6,12,15.3,359,2
2016,MERCEDES-BENZ,METRIS CARGO,2,4,10.2,233,5
2016,MERCEDES-BENZ,METRIS PASSENGER,2,4,10.9,248,5
2016,MERCEDES-BENZ,S 400 4MATIC SWB,3,6,10.8,253,5
2016,MERCEDES-BENZ,S 550 4MATIC SWB,4.7,8,12.2,294,4
2016,MERCEDES-BENZ,S 550 4MATIC LWB,4.7,8,12.5,287,4
2016,MERCEDES-BENZ,S 550 4MATIC COUPE,4.7,8,12.3,289,4
2016,MERCEDES-BENZ,S 600,6,12,14.5,340,3
2016,MERCEDES-BENZ,SL 550,4.7,8,12.3,289,4
2016,MERCEDES-BENZ,SLK 300,2,4,8.5,199,7
2016,MERCEDES-BENZ,SLK 350,3.5,6,9.8,229,5
2016,MINI,COOPER 3 DOOR,1.5,3,7.7,181,7
2016,MINI,COOPER 3 DOOR,1.5,3,7.3,172,8
2016,MINI,COOPER 5 DOOR,1.5,3,7.7,181,7
2016,MINI,COOPER 5 DOOR,1.5,3,7.2,170,8
2016,MINI,COOPER CLUBMAN,1.5,3,8.3,195,7
2016,MINI,COOPER CLUBMAN,1.5,3,8.2,194,7
2016,MINI,COOPER CONVERTIBLE,1.5,3,7.7,181,7
2016,MINI,COOPER CONVERTIBLE,1.5,3,7.2,170,8
2016,MINI,COOPER S 3 DOOR,2,4,8.2,193,7
2016,MINI,COOPER S 3 DOOR,2,4,8.7,203,6
2016,MINI,COOPER S 5 DOOR,2,4,8.2,193,7
2016,MINI,COOPER S 5 DOOR,2,4,8.7,203,6
2016,MINI,COOPER S CLUBMAN,2,4,8.5,198,7
2016,MINI,COOPER S CLUBMAN,2,4,9.2,215,6
2016,MINI,COOPER S CONVERTIBLE,2,4,8.5,198,7
2016,MINI,COOPER S CONVERTIBLE,2,4,8.7,203,6
2016,MINI,COOPER S COUNTRYMAN ALL4,1.6,4,9,212,6
2016,MINI,COOPER S COUNTRYMAN ALL4,1.6,4,8.6,201,6
2016,MINI,COOPER S PACEMAN ALL4,1.6,4,9,212,6
2016,MINI,COOPER S PACEMAN ALL4,1.6,4,8.6,201,6
2016,MINI,JOHN COOPER WORKS,2,4,8.5,199,7
2016,MINI,JOHN COOPER WORKS,2,4,9.2,214,6
2016,MINI,JOHN COOPER WORKS COUNTRYMAN ALL4,1.6,4,9,212,6
2016,MINI,JOHN COOPER WORKS COUNTRYMAN ALL4,1.6,4,8.6,201,6
2016,MINI,JOHN COOPER WORKS PACEMAN ALL4,1.6,4,9,212,6
2016,MINI,JOHN COOPER WORKS PACEMAN ALL4,1.6,4,8.6,201,6
2016,MITSUBISHI,LANCER,2,4,7.8,181,7
2016,MITSUBISHI,LANCER,2,4,8.4,198,7
2016,MITSUBISHI,LANCER,2.4,4,8.8,204,6
2016,MITSUBISHI,LANCER,2.4,4,9.2,217,6
2016,MITSUBISHI,LANCER 4WD,2.4,4,9.1,210,6
2016,MITSUBISHI,LANCER SPORTBACK,2,4,8.3,191,7
2016,MITSUBISHI,LANCER SPORTBACK,2,4,8.7,203,6
2016,MITSUBISHI,MIRAGE,1.2,3,5.9,139,9
2016,MITSUBISHI,MIRAGE,1.2,3,6.3,147,9
2016,MITSUBISHI,OUTLANDER,2.4,4,8.4,193,7
2016,MITSUBISHI,OUTLANDER 4WD,2.4,4,9,207,6
2016,MITSUBISHI,OUTLANDER 4WD,3,6,10.4,238,5
2016,MITSUBISHI,RVR,2,4,8.7,202,6
2016,MITSUBISHI,RVR,2,4,9.3,214,6
2016,MITSUBISHI,RVR 4WD,2.4,4,9.6,223,6
2016,NISSAN,370Z,3.7,6,11.1,260,5
2016,NISSAN,370Z,3.7,6,11.5,269,5
2016,NISSAN,370Z ROADSTER,3.7,6,11.5,270,5
2016,NISSAN,370Z ROADSTER,3.7,6,11.8,278,4
2016,NISSAN,ALTIMA,2.5,4,7.5,176,7
2016,NISSAN,ALTIMA 3.5,3.5,6,9,212,6
2016,NISSAN,ALTIMA SR,2.5,4,7.7,181,7
2016,NISSAN,FRONTIER,2.5,4,12.1,285,4
2016,NISSAN,FRONTIER,2.5,4,11.3,266,5
2016,NISSAN,FRONTIER,4,6,12.7,300,4
2016,NISSAN,FRONTIER 4WD,4,6,13.7,322,3
2016,NISSAN,FRONTIER 4WD,4,6,13.3,313,4
2016,NISSAN,GT-R,3.8,6,12.6,294,4
2016,NISSAN,JUKE,1.6,4,7.9,186,7
2016,NISSAN,JUKE,1.6,4,7.8,183,7
2016,NISSAN,JUKE AWD,1.6,4,8.2,194,7
2016,NISSAN,JUKE NISMO RS,1.6,4,8.3,194,7
2016,NISSAN,JUKE NISMO RS AWD,1.6,4,8.8,208,6
2016,NISSAN,MAXIMA,3.5,6,9.5,223,6
2016,NISSAN,MICRA,1.6,4,7.8,184,7
2016,NISSAN,MICRA,1.6,4,7.7,182,7
2016,NISSAN,MURANO,3.5,6,9.8,230,5
2016,NISSAN,MURANO AWD,3.5,6,9.9,232,5
2016,NISSAN,NV200 CARGO VAN,2,4,9.4,220,6
2016,NISSAN,PATHFINDER,3.5,6,10.4,245,5
2016,NISSAN,PATHFINDER 4WD,3.5,6,10.7,251,5
2016,NISSAN,PATHFINDER 4WD PLATINUM,3.5,6,11,258,5
2016,NISSAN,ROGUE,2.5,4,8.2,194,7
2016,NISSAN,ROGUE AWD,2.5,4,8.6,201,7
2016,NISSAN,SENTRA,1.8,4,7.2,167,8
2016,NISSAN,SENTRA,1.8,4,7.9,184,7
2016,NISSAN,VERSA,1.6,4,6.8,161,8
2016,NISSAN,VERSA,1.6,4,7.6,179,7
2016,PORSCHE,911 CARRERA,3.4,6,10.1,238,5
2016,PORSCHE,911 CARRERA,3.4,6,10.6,249,5
2016,PORSCHE,911 CARRERA CABRIOLET,3.4,6,10.1,236,5
2016,PORSCHE,911 CARRERA CABRIOLET,3.4,6,10.7,251,5
2016,PORSCHE,911 CARRERA GTS,3.8,6,11,259,5
2016,PORSCHE,911 CARRERA GTS,3.8,6,11.2,262,5
2016,PORSCHE,911 CARRERA GTS CABRIOLET,3.8,6,11.1,260,5
2016,PORSCHE,911 CARRERA GTS CABRIOLET,3.8,6,11.6,272,4
2016,PORSCHE,911 CARRERA S,3.8,6,10.5,245,5
2016,PORSCHE,911 CARRERA S,3.8,6,10.7,252,5
2016,PORSCHE,911 CARRERA S CABRIOLET,3.8,6,10.6,250,5
2016,PORSCHE,911 CARRERA S CABRIOLET,3.8,6,10.9,255,5
2016,PORSCHE,911 CARRERA 4,3.4,6,10.2,240,5
2016,PORSCHE,911 CARRERA 4,3.4,6,10.7,251,5
2016,PORSCHE,911 CARRERA 4 CABRIOLET,3.4,6,10.5,246,5
2016,PORSCHE,911 CARRERA 4 CABRIOLET,3.4,6,10.9,257,5
2016,PORSCHE,911 CARRERA 4 GTS,3.8,6,11.1,260,5
2016,PORSCHE,911 CARRERA 4 GTS,3.8,6,11.3,265,5
2016,PORSCHE,911 CARRERA 4 GTS CABRIOLET,3.8,6,11.4,268,5
2016,PORSCHE,911 CARRERA 4 GTS CABRIOLET,3.8,6,11.6,272,4
2016,PORSCHE,911 CARRERA 4S,3.8,6,10.7,251,5
2016,PORSCHE,911 CARRERA 4S,3.8,6,11,258,5
2016,PORSCHE,911 CARRERA 4S CABRIOLET,3.8,6,11,257,5
2016,PORSCHE,911 CARRERA 4S CABRIOLET,3.8,6,11.2,262,5
2016,PORSCHE,911 GT3,3.8,6,14,329,3
2016,PORSCHE,911 GT3RS,4,6,14.3,334,3
2016,PORSCHE,911 TARGA 4,3.4,6,10.8,253,5
2016,PORSCHE,911 TARGA 4,3.4,6,11.1,261,5
2016,PORSCHE,911 TARGA 4S,3.8,6,11.2,260,5
2016,PORSCHE,911 TARGA 4S,3.8,6,11.4,267,5
2016,PORSCHE,911 TURBO,3.8,6,11.9,278,4
2016,PORSCHE,911 TURBO CABRIOLET,3.8,6,11.9,278,4
2016,PORSCHE,911 TURBO S,3.8,6,11.9,278,4
2016,PORSCHE,911 TURBO S CABRIOLET,3.8,6,11.9,278,4
2016,PORSCHE,BOXSTER,2.7,6,9.2,217,6
2016,PORSCHE,BOXSTER,2.7,6,9.9,232,5
2016,PORSCHE,BOXSTER GTS,3.4,6,9.5,222,6
2016,PORSCHE,BOXSTER GTS,3.4,6,10.7,250,5
2016,PORSCHE,BOXSTER S,3.4,6,9.8,230,5
2016,PORSCHE,BOXSTER S,3.4,6,10.4,245,5
2016,PORSCHE,BOXSTER SPYDER,3.8,6,11.6,272,4
2016,PORSCHE,CAYENNE,3.6,6,11.5,268,5
2016,PORSCHE,CAYENNE GTS,3.6,6,12.6,296,4
2016,PORSCHE,CAYENNE S,3.6,6,12,281,4
2016,PORSCHE,CAYENNE TURBO,4.8,8,14.2,334,3
2016,PORSCHE,CAYMAN,2.7,6,9.2,217,6
2016,PORSCHE,CAYMAN,2.7,6,9.9,232,5
2016,PORSCHE,CAYMAN GT4,3.8,6,11.8,277,4
2016,PORSCHE,CAYMAN GTS,3.4,6,9.5,222,6
2016,PORSCHE,CAYMAN GTS,3.4,6,10.7,250,5
2016,PORSCHE,CAYMAN S,3.4,6,9.8,230,5
2016,PORSCHE,CAYMAN S,3.4,6,10.4,245,5
2016,PORSCHE,MACAN S,3,6,12.2,285,4
2016,PORSCHE,MACAN TURBO,3.6,6,12.3,287,4
2016,PORSCHE,PANAMERA,3.6,6,10.9,255,5
2016,PORSCHE,PANAMERA GTS,4.8,8,12.7,298,4
2016,PORSCHE,PANAMERA S,3,6,11.4,267,5
2016,PORSCHE,PANAMERA 4,3.6,6,11.1,262,5
2016,PORSCHE,PANAMERA 4S,3,6,11.4,267,5
2016,PORSCHE,PANAMERA 4S EXECUTIVE,3,6,11.5,271,4
2016,PORSCHE,PANAMERA TURBO,4.8,8,12.8,300,4
2016,PORSCHE,PANAMERA TURBO EXECUTIVE,4.8,8,12.9,303,4
2016,PORSCHE,PANAMERA TURBO S,4.8,8,12.8,300,4
2016,PORSCHE,PANAMERA TURBO S EXECUTIVE,4.8,8,12.9,303,4
2016,RAM,1500 FFV,3.6,6,11.9,279,4
2016,RAM,1500 FFV,3.6,6,16.8,279,4
2016,RAM,1500 HFE,3.6,6,11.3,264,5
2016,RAM,1500 (MDS),5.7,8,14.8,348,3
2016,RAM,1500 (MDS),5.7,8,13.6,319,3
2016,RAM,1500 ECODIESEL,3,6,10.2,272,4
2016,RAM,1500 ECODIESEL HFE,3,6,9.8,264,5
2016,RAM,1500 4X4 FFV,3.6,6,12.6,294,4
2016,RAM,1500 4X4 FFV,3.6,6,17.8,296,4
2016,RAM,1500 4X4 (MDS),5.7,8,15.4,362,2
2016,RAM,1500 4X4 (MDS),5.7,8,14.1,330,3
2016,RAM,1500 4X4 ECODIESEL,3,6,10.6,283,4
2016,RAM,PROMASTER CITY,2.4,4,9.8,231,5
2016,ROLLS-ROYCE,GHOST,6.6,12,16.1,373,2
2016,ROLLS-ROYCE,GHOST EWB,6.6,12,16.1,373,2
2016,ROLLS-ROYCE,PHANTOM,6.7,12,17.2,403,2
2016,ROLLS-ROYCE,PHANTOM EWB,6.7,12,17.2,404,2
2016,ROLLS-ROYCE,PHANTOM COUPE,6.7,12,17.2,403,2
2016,ROLLS-ROYCE,PHANTOM DROPHEAD COUPE,6.7,12,17.2,404,2
2016,ROLLS-ROYCE,WRAITH,6.6,12,15.6,367,2
2016,SCION,FR-S,2,4,8.4,197,7
2016,SCION,FR-S,2,4,9.6,224,6
2016,SCION,iM,1.8,4,7.4,173,8
2016,SCION,iM,1.8,4,7.7,180,7
2016,SCION,tC,2.5,4,9,211,6
2016,SCION,tC,2.5,4,9,210,6
2016,SMART,FORTWO CABRIOLET,0.9,3,6.9,157,8
2016,SMART,FORTWO COUPE,0.9,3,6.9,157,8
2016,SUBARU,BRZ,2,4,8.4,197,7
2016,SUBARU,BRZ,2,4,9.6,224,6
2016,SUBARU,FORESTER AWD,2,4,9.4,222,6
2016,SUBARU,FORESTER AWD,2.5,4,8.7,204,6
2016,SUBARU,FORESTER AWD,2.5,4,9.6,227,5
2016,SUBARU,IMPREZA AWD,2,4,7.6,177,7
2016,SUBARU,IMPREZA AWD,2,4,8.4,197,7
2016,SUBARU,IMPREZA WAGON AWD,2,4,7.6,177,7
2016,SUBARU,IMPREZA WAGON AWD,2,4,8.4,197,7
2016,SUBARU,LEGACY AWD,2.5,4,7.9,185,7
2016,SUBARU,LEGACY AWD,2.5,4,9.4,220,6
2016,SUBARU,LEGACY AWD,3.6,6,10.2,239,5
2016,SUBARU,OUTBACK AWD,2.5,4,8.3,196,7
2016,SUBARU,OUTBACK AWD,2.5,4,9.7,228,5
2016,SUBARU,OUTBACK AWD,3.6,6,10.5,246,5
2016,SUBARU,WRX,2,4,11.2,254,5
2016,SUBARU,WRX,2,4,10,233,5
2016,SUBARU,WRX,2.5,4,12.2,285,4
2016,SUBARU,XV CROSSTREK AWD,2,4,8.1,191,7
2016,SUBARU,XV CROSSTREK AWD,2,4,9.1,214,6
2016,SUBARU,XV CROSSTREK HYBRID AWD,2,4,7.5,175,8
2016,TOYOTA,4RUNNER 4WD,4,6,12.8,298,4
2016,TOYOTA,4RUNNER 4WD (Part-Time 4WD),4,6,12.8,298,4
2016,TOYOTA,AVALON,3.5,6,9.7,225,6
2016,TOYOTA,CAMRY,2.5,4,8.2,192,7
2016,TOYOTA,CAMRY,3.5,6,9.5,222,6
2016,TOYOTA,CAMRY HYBRID LE,2.5,4,5.7,134,9
2016,TOYOTA,CAMRY HYBRID XLE/SE,2.5,4,5.9,137,9
2016,TOYOTA,COROLLA,1.8,4,7.6,179,7
2016,TOYOTA,COROLLA,1.8,4,7.3,171,8
2016,TOYOTA,COROLLA,1.8,4,7.1,166,8
2016,TOYOTA,COROLLA,1.8,4,7.5,174,8
2016,TOYOTA,COROLLA LE ECO (1-mode),1.8,4,6.8,160,8
2016,TOYOTA,COROLLA LE ECO (2-mode),1.8,4,6.9,162,8
2016,TOYOTA,HIGHLANDER,3.5,6,11.1,260,5
2016,TOYOTA,HIGHLANDER AWD,3.5,6,11.6,272,4
2016,TOYOTA,HIGHLANDER HYBRID AWD,3.5,6,8.5,198,7
2016,TOYOTA,HIGHLANDER HYBRID AWD LE,3.5,6,8.4,195,7
2016,TOYOTA,PRIUS,1.8,4,4.5,104,10
2016,TOYOTA,PRIUS c,1.5,4,4.7,111,10
2016,TOYOTA,PRIUS v,1.8,4,5.6,131,9
2016,TOYOTA,RAV4,2.5,4,9,212,6
2016,TOYOTA,RAV4 AWD,2.5,4,9.5,220,6
2016,TOYOTA,RAV4 HYBRID AWD,2.5,4,7.2,169,8
2016,TOYOTA,RAV4 LE/XLE,2.5,4,8.9,208,6
2016,TOYOTA,RAV4 LIMITED/SE AWD,2.5,4,9.4,220,6
2016,TOYOTA,SEQUOIA 4WD,5.7,8,16.6,382,2
2016,TOYOTA,SIENNA,3.5,6,11.4,267,5
2016,TOYOTA,SIENNA AWD,3.5,6,12.5,290,4
2016,TOYOTA,TACOMA,2.7,4,11.1,261,5
2016,TOYOTA,TACOMA,3.5,6,11.4,267,5
2016,TOYOTA,TACOMA 4WD,2.7,4,11.7,274,4
2016,TOYOTA,TACOMA 4WD,2.7,4,11.9,279,4
2016,TOYOTA,TACOMA 4WD,3.5,6,11.9,280,4
2016,TOYOTA,TACOMA 4WD,3.5,6,12.5,292,4
2016,TOYOTA,TACOMA 4WD D-CAB OFF-ROAD,3.5,6,12.9,300,4
2016,TOYOTA,TUNDRA,4.6,8,14.3,335,3
2016,TOYOTA,TUNDRA,5.7,8,15.4,360,2
2016,TOYOTA,TUNDRA 4WD,4.6,8,15.1,351,3
2016,TOYOTA,TUNDRA 4WD,5.7,8,16.3,380,2
2016,TOYOTA,VENZA,2.7,4,10.4,244,5
2016,TOYOTA,VENZA,3.5,6,10.9,256,5
2016,TOYOTA,VENZA 4WD,2.7,4,10.5,241,5
2016,TOYOTA,VENZA 4WD,3.5,6,11.3,263,5
2016,TOYOTA,YARIS,1.5,4,6.4,151,8
2016,TOYOTA,YARIS (SIL),1.5,4,6.7,157,8
2016,TOYOTA,YARIS HATCHBACK,1.5,4,7.3,170,8
2016,TOYOTA,YARIS HATCHBACK,1.5,4,7.1,165,8
2016,VOLKSWAGEN,BEETLE,1.8,4,8.4,196,7
2016,VOLKSWAGEN,BEETLE,1.8,4,8.4,196,7
2016,VOLKSWAGEN,BEETLE CONVERTIBLE,1.8,4,8.4,196,7
2016,VOLKSWAGEN,BEETLE DUNE,1.8,4,8.7,203,6
2016,VOLKSWAGEN,CC,2,4,9.3,217,6
2016,VOLKSWAGEN,GOLF,1.8,4,8.1,189,7
2016,VOLKSWAGEN,GOLF,1.8,4,8,187,7
2016,VOLKSWAGEN,GOLF GTI,2,4,8.5,198,7
2016,VOLKSWAGEN,GOLF GTI,2,4,8.3,193,7
2016,VOLKSWAGEN,GOLF R,2,4,9.3,216,6
2016,VOLKSWAGEN,GOLF R,2,4,9.4,220,6
2016,VOLKSWAGEN,GOLF SPORTWAGON,1.8,4,8.1,190,7
2016,VOLKSWAGEN,GOLF SPORTWAGON,1.8,4,8.2,192,7
2016,VOLKSWAGEN,JETTA,1.4,4,7.3,173,8
2016,VOLKSWAGEN,JETTA,1.4,4,7.2,168,8
2016,VOLKSWAGEN,JETTA,1.8,4,8,186,7
2016,VOLKSWAGEN,JETTA,1.8,4,8.1,189,7
2016,VOLKSWAGEN,JETTA,2,4,8.6,201,7
2016,VOLKSWAGEN,JETTA,2,4,8.8,207,6
2016,VOLKSWAGEN,JETTA HYBRID,1.4,4,5.3,124,9
2016,VOLKSWAGEN,PASSAT,1.8,4,8,187,7
2016,VOLKSWAGEN,PASSAT,1.8,4,8.1,189,7
2016,VOLKSWAGEN,PASSAT,3.6,6,10.4,243,5
2016,VOLKSWAGEN,TIGUAN,2,4,10.7,251,5
2016,VOLKSWAGEN,TIGUAN,2,4,11.2,259,5
2016,VOLKSWAGEN,TIGUAN 4MOTION,2,4,10.6,248,5
2016,VOLKSWAGEN,TOUAREG,3.6,6,12.2,287,4
2016,VOLVO,S60 CC T5 AWD,2.5,5,10.3,239,5
2016,VOLVO,S60 INSCRIPTION,2,4,8.3,193,7
2016,VOLVO,S60 INSCRIPTION T5 AWD,2.5,5,10.1,233,5
2016,VOLVO,S60 T5,2,4,8.3,193,7
2016,VOLVO,S60 T5 AWD,2.5,5,10.1,233,5
2016,VOLVO,S60 T6,2,4,9.3,218,6
2016,VOLVO,S60 T6 AWD,2,4,9.9,231,5
2016,VOLVO,S60 3.0T AWD,3,6,11.2,259,5
2016,VOLVO,S60 POLESTAR,3,6,11.2,259,5
2016,VOLVO,S80 T5,2,4,8.3,193,7
2016,VOLVO,V60 CC T5 AWD,2.5,5,10.3,239,5
2016,VOLVO,V60 T5,2,4,8.3,193,7
2016,VOLVO,V60 T5 AWD,2.5,5,10.1,233,5
2016,VOLVO,V60 T6 AWD,2,4,9.9,231,5
2016,VOLVO,V60 3.0T AWD,3,6,11.2,259,5
2016,VOLVO,V60 POLESTAR,3,6,11.2,259,5
2016,VOLVO,XC60 T5,2,4,9.1,213,6
2016,VOLVO,XC60 T5 AWD,2.5,5,11,254,5
2016,VOLVO,XC60 T6,2,4,9.7,226,6
2016,VOLVO,XC60 T6 AWD,2,4,10.6,247,5
2016,VOLVO,XC60 3.0T AWD,3,6,12,276,4
2016,VOLVO,XC70 T5,2,4,9.1,213,6
2016,VOLVO,XC70 T5 AWD,2.5,5,11,254,5
2016,VOLVO,XC90 T5,2,4,10,232,5
2016,VOLVO,XC90 T5 AWD,2,4,10.2,239,5
2016,VOLVO,XC90 T6 AWD,2,4,10.6,247,5